{"train_loss":0.33625981529553733,"_timestamp":1.7474907461088963e+09,"_runtime":15.712716,"_step":9,"train_accuracy":0.8791666666666667,"_wandb":{"runtime":15}}