{"_timestamp":1.7484836090883799e+09,"_runtime":0.7753739,"_step":15,"train_accuracy":0.9685185185185186,"train_loss":0.10077941207974045,"_wandb":{"runtime":0},"val_accuracy":0.9416666666666667,"val_loss":0.22109927237033844}