{"train_loss":0.1227154353260994,"_timestamp":1.7474910471361134e+09,"_runtime":60.1003994,"_step":6,"_wandb":{"runtime":60},"train_accuracy":0.955}