{"_step":15,"train_accuracy":0.95,"train_loss":0.12889971633752187,"_wandb":{"runtime":0},"val_accuracy":0.925,"val_loss":0.2467520534992218,"_timestamp":1.7484833175297909e+09,"_runtime":0.9152426}