{"train_loss":0.08592263678709666,"_timestamp":1.747487871683862e+09,"_runtime":18.2980133,"_step":7,"_wandb":{"runtime":18},"train_accuracy":0.9683333333333334}