{"val_loss":0.3272695591052373,"_timestamp":1.7484831640814238e+09,"_runtime":0.8435227,"train_accuracy":0.9416666666666667,"train_loss":0.14618655691544216,"_wandb":{"runtime":0},"_step":13,"val_accuracy":0.9125}