{"_wandb":{"runtime":0},"val_accuracy":0.7291666666666666,"val_loss":1.3044179677963257,"_timestamp":1.747640662470817e+09,"_runtime":0.9019353,"_step":23,"train_accuracy":0.8729166666666667,"train_loss":0.33899526794751483}