{"_timestamp":1.7476393861032913e+09,"_runtime":0.8976887,"_step":23,"train_accuracy":0.8833333333333333,"train_loss":0.32770823538303373,"_wandb":{"runtime":0},"val_accuracy":0.4583333333333333,"val_loss":2.8724045276641847}