{"_wandb":{"runtime":16},"_step":4,"train_accuracy":0.8625,"train_loss":0.3801786839962006,"_timestamp":1.7474844937910035e+09,"_runtime":16.3370602}