{"_wandb":{"runtime":32},"train_accuracy":0.9516666666666667,"train_loss":0.1413606913884481,"_timestamp":1.747621377399819e+09,"_runtime":32.1507926,"_step":9}