{"_step":23,"val_accuracy":0.8875,"train_loss":0.12884719173113504,"train_accuracy":0.9583333333333334,"_wandb":{"runtime":0},"val_loss":0.4231971502304077,"_timestamp":1.747642842076803e+09,"_runtime":0.8912845}