{"_wandb":{"runtime":172},"_timestamp":1.747619609332773e+09,"_runtime":172.1306945,"_step":6,"train_accuracy":0.9558333333333333,"train_loss":0.12854064732789994}