{"_runtime":0.8117451,"_step":15,"train_accuracy":0.9527777777777777,"train_loss":0.12265844013955858,"_wandb":{"runtime":0},"val_accuracy":0.9166666666666666,"val_loss":0.22753392159938812,"_timestamp":1.7484839160775547e+09}