{"_timestamp":1.7474888950987196e+09,"_runtime":15.8642228,"_step":6,"_wandb":{"runtime":15},"train_accuracy":0.9575,"train_loss":0.10427636732657751}