{"_step":9,"_wandb":{"runtime":20},"train_accuracy":0.9641666666666666,"train_loss":0.0899236497282982,"_timestamp":1.7476197641602263e+09,"_runtime":20.2015505}