{"_wandb":{"runtime":0},"val_loss":0.3409976343313853,"_timestamp":1.7476477557085295e+09,"_runtime":0.8253458,"_step":15,"val_accuracy":0.9,"train_accuracy":0.9614583333333333,"train_loss":0.0992914617061615}