{"val_loss":0.5300492644309998,"_timestamp":1.747642939640889e+09,"_runtime":0.8641173,"_step":31,"train_accuracy":0.9927083333333333,"train_loss":0.029637166857719423,"_wandb":{"runtime":0},"val_accuracy":0.9041666666666667}