{"_step":9,"_wandb":{"runtime":15},"train_accuracy":0.8641666666666666,"train_loss":0.41127692023913065,"_timestamp":1.747625770130162e+09,"_runtime":15.9186643}