{"_timestamp":1.747626121193918e+09,"_runtime":55.33194,"_step":9,"_wandb":{"runtime":55},"train_accuracy":0.94,"train_loss":0.1490861580769221}