{"val_loss":0.40758118430773416,"_timestamp":1.7476451948101141e+09,"_runtime":0.9392091,"train_accuracy":0.9864583333333333,"train_loss":0.04580164874593417,"_wandb":{"runtime":0},"_step":31,"val_accuracy":0.9041666666666667}