{"_step":15,"val_accuracy":0.9,"train_accuracy":0.9592592592592593,"train_loss":0.10270119530183297,"_wandb":{"runtime":0},"val_loss":0.29585883021354675,"_timestamp":1.7484834171349056e+09,"_runtime":0.7880732}