{"train_loss":0.2554572812716166,"_timestamp":1.7474848988076234e+09,"_runtime":25.3091607,"_step":4,"_wandb":{"runtime":25},"train_accuracy":0.9041666666666667}