{"val_accuracy":0.8916666666666667,"val_loss":0.3570051888624827,"_timestamp":1.7476473979000902e+09,"_runtime":0.9046365,"_step":31,"train_accuracy":0.9489583333333333,"train_loss":0.12753083954254787,"_wandb":{"runtime":0}}