{"_runtime":273.209846,"_step":4,"_wandb":{"runtime":273},"train_accuracy":0.945,"train_loss":0.14560815731684368,"_timestamp":1.7474852949362032e+09}