{"_wandb":{"runtime":10},"train_accuracy":0.9483333333333334,"train_loss":0.13075232714414597,"_timestamp":1.7474880377929947e+09,"_runtime":10.6422839,"_step":7}