{"train_loss":0.04520078500111898,"_wandb":{"runtime":1},"val_accuracy":0.9083333333333333,"val_loss":0.3616179823875427,"_timestamp":1.747647190275941e+09,"_runtime":1.0397184,"_step":31,"train_accuracy":0.9822916666666667}