{"train_accuracy":0.9601851851851851,"_wandb":{"runtime":0},"val_accuracy":0.925,"val_loss":0.2595185339450836,"_timestamp":1.7484838051433659e+09,"_runtime":0.7785338,"_step":15,"train_loss":0.1098563348253568}