{"train_accuracy":0.9760416666666667,"_wandb":{"runtime":0},"val_accuracy":0.8708333333333333,"val_loss":0.45887192487716677,"_timestamp":1.747647480296431e+09,"_runtime":0.9447826,"_step":31,"train_loss":0.08472519268592199}