{"_wandb":{"runtime":16},"train_accuracy":0.8633333333333333,"train_loss":0.421705082654953,"_timestamp":1.74762542363993e+09,"_runtime":16.9457094,"_step":9}