{"train_loss":0.10369368841250738,"_timestamp":1.747601475417389e+09,"_runtime":16.6855872,"_wandb":{"runtime":16},"_step":6,"train_accuracy":0.9558333333333333}