{"_step":23,"val_accuracy":0.7375,"val_loss":1.226746678352356,"_timestamp":1.7476426094329786e+09,"_runtime":0.9122444,"train_accuracy":0.8729166666666667,"train_loss":0.33912561933199564,"_wandb":{"runtime":0}}