{"_timestamp":1.7474904075063932e+09,"_runtime":14.0675506,"_step":6,"_wandb":{"runtime":14},"train_accuracy":0.8525,"train_loss":0.39573227246602377}