{"train_loss":0.1959281547864278,"_timestamp":1.7474864059516847e+09,"_runtime":18.1509067,"_step":4,"_wandb":{"runtime":18},"train_accuracy":0.9333333333333333}