{"_step":23,"val_accuracy":0.9083333333333333,"train_accuracy":0.9645833333333333,"train_loss":0.1039661298195521,"_wandb":{"runtime":1},"val_loss":0.34403104384740196,"_timestamp":1.7476390812816234e+09,"_runtime":1.2363819}