{"_runtime":0.9031903,"_step":23,"val_accuracy":0.42083333333333334,"val_loss":2.489529832204183,"train_accuracy":0.8916666666666667,"train_loss":0.2896835207939148,"_wandb":{"runtime":0},"_timestamp":1.7476401520397887e+09}