{"_timestamp":1.7474876150698702e+09,"_runtime":11.3231464,"_step":4,"_wandb":{"runtime":11},"train_accuracy":0.935,"train_loss":0.16850454072157542}