{"_wandb":{"runtime":391},"train_loss":0.2828489351272583,"_timestamp":1.7474840866803513e+09,"_runtime":391.2480854,"_step":4,"train_accuracy":0.8925}