{"val_accuracy":0.8875,"val_loss":0.4494177222251892,"_timestamp":1.7476390132519689e+09,"_runtime":0.8634549,"train_accuracy":0.9520833333333333,"train_loss":0.1095870465040207,"_wandb":{"runtime":0},"_step":23}