{"train_accuracy":0.9575,"train_loss":0.11532683700323104,"_timestamp":1.7474886365929618e+09,"_runtime":25.0718563,"_step":6,"_wandb":{"runtime":25}}