{"_step":31,"val_accuracy":0.9,"val_loss":0.3221280833085378,"_timestamp":1.7476434257008905e+09,"train_accuracy":0.9520833333333333,"train_loss":0.14005056122938792,"_wandb":{"runtime":0},"_runtime":0.9885942}