{"val_accuracy":0.8625,"val_loss":0.5009767214457194,"_timestamp":1.7484832711749463e+09,"_runtime":1.0258361,"_step":13,"train_accuracy":0.959375,"train_loss":0.11093792915344239,"_wandb":{"runtime":1}}