{"_wandb":{"runtime":20},"_timestamp":1.7476203576080556e+09,"_runtime":20.1358587,"_step":9,"train_accuracy":0.9666666666666667,"train_loss":0.11098982661962509}