{"_runtime":0.779214,"train_accuracy":0.9611111111111111,"train_loss":0.10682351721657647,"_wandb":{"runtime":0},"_step":15,"val_accuracy":0.9333333333333333,"val_loss":0.2803240716457367,"_timestamp":1.7484834436442459e+09}