{"val_loss":2.525519053141276,"_timestamp":1.7476394914270792e+09,"_runtime":0.8955872,"_step":23,"train_accuracy":0.9604166666666667,"train_loss":0.11946981151898702,"_wandb":{"runtime":0},"val_accuracy":0.36666666666666664}