{"train_loss":0.07712136283516884,"_wandb":{"runtime":0},"val_accuracy":0.9125,"val_loss":0.4236523926258087,"_timestamp":1.747647547497809e+09,"_runtime":0.8859452,"_step":31,"train_accuracy":0.9677083333333333}