{"train_loss":0.133616537352403,"_wandb":{"runtime":0},"_runtime":0.9366131,"_step":39,"val_accuracy":0.8666666666666667,"val_loss":0.4519669552644094,"_timestamp":1.7476477345073764e+09,"train_accuracy":0.9385416666666667}