{"_wandb":{"runtime":1},"val_loss":1.6095496575037638,"_timestamp":1.747640268033959e+09,"_runtime":1.0613583,"_step":23,"val_accuracy":0.6083333333333333,"train_loss":0.36221441626548767,"train_accuracy":0.8583333333333333}