{"val_loss":0.4657130241394043,"_timestamp":1.7476476406428316e+09,"_runtime":0.9011372,"_step":39,"train_accuracy":0.9520833333333333,"train_loss":0.12900952398777008,"_wandb":{"runtime":0},"val_accuracy":0.8875}