{"_step":31,"train_loss":0.08083970248699188,"train_accuracy":0.965625,"_wandb":{"runtime":0},"val_accuracy":0.9041666666666667,"val_loss":0.33229269782702126,"_timestamp":1.747647046057739e+09,"_runtime":0.8911398}