{"val_accuracy":0.925,"val_loss":0.2597135086854299,"_timestamp":1.747638447296059e+09,"_runtime":11.211598,"_step":19,"train_accuracy":0.9604166666666667,"train_loss":0.10685068716605504,"_wandb":{"runtime":11}}