{"train_accuracy":0.9425,"train_loss":0.1600517491499583,"_timestamp":1.7474871374557674e+09,"_runtime":33.2718381,"_step":4,"_wandb":{"runtime":33}}