{"_timestamp":1.7476387080305636e+09,"_runtime":0.864217,"_step":47,"train_accuracy":0.9854166666666667,"train_loss":0.046912464002768196,"_wandb":{"runtime":0},"val_accuracy":0.9083333333333333,"val_loss":0.2711052715778351}