{"_runtime":23.6677194,"_step":9,"train_accuracy":0.85,"train_loss":0.4330481417973836,"_wandb":{"runtime":23},"_timestamp":1.747625515925272e+09}