{"_timestamp":1.7476433303942704e+09,"_runtime":0.8513414,"train_accuracy":0.9395833333333333,"train_loss":0.17868254582087198,"_wandb":{"runtime":2},"_step":13,"val_accuracy":0.5958333333333333,"val_loss":2.2793281078338623}