{"_step":9,"train_accuracy":0.95,"train_loss":0.12799821813901266,"_wandb":{"runtime":66},"_timestamp":1.7476208238874817e+09,"_runtime":66.8012247}