{"train_loss":0.1539121589174977,"_wandb":{"runtime":0},"val_accuracy":0.9,"val_loss":0.41842982172966003,"_timestamp":1.7484837264439886e+09,"_runtime":0.7764677,"_step":31,"train_accuracy":0.950925925925926}