{"train_loss":0.318216609954834,"_wandb":{"runtime":0},"_step":23,"val_accuracy":0.7208333333333333,"val_loss":1.1172937273979187,"_timestamp":1.7476403785657182e+09,"_runtime":0.8375545,"train_accuracy":0.8833333333333333}